{
    "loss": -0.87109375,
    "space": [
        0.04580872421605814,
        0.5,
        0.95,
        0.001
    ],
    "status": "ok"
}