{
    "loss": -0.875,
    "space": [
        0.028910611762789213,
        0.6000000000000001,
        0.95,
        0.001
    ],
    "status": "ok"
}