{
    "loss": -0.88671875,
    "space": [
        0.07740305329198165,
        0.7000000000000001,
        0.95,
        0.001
    ],
    "status": "ok"
}