{
    "loss": -0.8828125,
    "space": [
        0.04170048463341758,
        0.7000000000000001,
        0.85,
        0.0001
    ],
    "status": "ok"
}