{
    "loss": -0.890625,
    "space": [
        0.01673061405128508,
        0.5,
        0.95,
        0.0001
    ],
    "status": "ok"
}